1	3799.269

2	3800.144

3	3801.019

4	3801.894

5	3802.769

6	3803.645

7	3804.521

8	3805.397

9	3806.274

10	3807.15

11	3808.027

12	3808.904

13	3809.781

14	3810.658

15	3811.536

16	3812.414

17	3813.291

18	3814.17

19	3815.048

20	3815.926

21	3816.805

22	3817.684

23	3818.563

24	3819.443

25	3820.322

26	3821.202

27	3822.082

28	3822.962

29	3823.843

30	3824.723

31	3825.604

32	3826.485

33	3827.366

34	3828.247

35	3829.129

36	3830.011

37	3830.893

38	3831.775

39	3832.657

40	3833.54

41	3834.423

42	3835.306

43	3836.189

44	3837.072

45	3837.956

46	3838.84

47	3839.724

48	3840.608

49	3841.493

50	3842.377

51	3843.262

52	3844.147

53	3845.032

54	3845.918

55	3846.803

56	3847.689

57	3848.575

58	3849.462

59	3850.348

60	3851.235

61	3852.122

62	3853.009

63	3853.896

64	3854.784

65	3855.671

66	3856.559

67	3857.447

68	3858.336

69	3859.224

70	3860.113

71	3861.002

72	3861.891

73	3862.78

74	3863.67

75	3864.56

76	3865.449

77	3866.34

78	3867.23

79	3868.121

80	3869.011

81	3869.902

82	3870.793

83	3871.685

84	3872.576

85	3873.468

86	3874.36

87	3875.252

88	3876.145

89	3877.037

90	3877.93

91	3878.823

92	3879.717

93	3880.61

94	3881.504

95	3882.398

96	3883.292

97	3884.186

98	3885.08

99	3885.975

100	3886.87

101	3887.765

102	3888.66

103	3889.556

104	3890.451

105	3891.347

106	3892.243

107	3893.14

108	3894.036

109	3894.933

110	3895.83

111	3896.727

112	3897.625

113	3898.522

114	3899.42

115	3900.318

116	3901.216

117	3902.114

118	3903.013

119	3903.912

120	3904.811

121	3905.71

122	3906.609

123	3907.509

124	3908.409

125	3909.309

126	3910.209

127	3911.11

128	3912.01

129	3912.911

130	3913.812

131	3914.714

132	3915.615

133	3916.517

134	3917.419

135	3918.321

136	3919.223

137	3920.126

138	3921.029

139	3921.931

140	3922.835

141	3923.738

142	3924.642

143	3925.545

144	3926.449

145	3927.354

146	3928.258

147	3929.163

148	3930.067

149	3930.972

150	3931.878

151	3932.783

152	3933.689

153	3934.595

154	3935.501

155	3936.407

156	3937.314

157	3938.22

158	3939.127

159	3940.034

160	3940.942

161	3941.849

162	3942.757

163	3943.665

164	3944.573

165	3945.481

166	3946.39

167	3947.299

168	3948.208

169	3949.117

170	3950.026

171	3950.936

172	3951.846

173	3952.756

174	3953.666

175	3954.577

176	3955.487

177	3956.398

178	3957.309

179	3958.221

180	3959.132

181	3960.044

182	3960.956

183	3961.868

184	3962.78

185	3963.693

186	3964.606

187	3965.519

188	3966.432

189	3967.345

190	3968.259

191	3969.173

192	3970.087

193	3971.001

194	3971.915

195	3972.83

196	3973.745

197	3974.66

198	3975.575

199	3976.491

200	3977.407

201	3978.323

202	3979.239

203	3980.155

204	3981.072

205	3981.988

206	3982.905

207	3983.823

208	3984.74

209	3985.658

210	3986.576

211	3987.494

212	3988.412

213	3989.33

214	3990.249

215	3991.168

216	3992.087

217	3993.006

218	3993.926

219	3994.846

220	3995.766

221	3996.686

222	3997.606

223	3998.527

224	3999.447

225	4000.369

226	4001.29

227	4002.211

228	4003.133

229	4004.055

230	4004.977

231	4005.899

232	4006.822

233	4007.744

234	4008.667

235	4009.59

236	4010.514

237	4011.437

238	4012.361

239	4013.285

240	4014.209

241	4015.134

242	4016.058

243	4016.983

244	4017.908

245	4018.833

246	4019.759

247	4020.685

248	4021.61

249	4022.537

250	4023.463

251	4024.389

252	4025.316

253	4026.243

254	4027.17

255	4028.098

256	4029.025

257	4029.953

258	4030.881

259	4031.809

260	4032.738

261	4033.667

262	4034.596

263	4035.525

264	4036.454

265	4037.383

266	4038.313

267	4039.243

268	4040.173

269	4041.104

270	4042.034

271	4042.965

272	4043.896

273	4044.827

274	4045.759

275	4046.691

276	4047.622

277	4048.555

278	4049.487

279	4050.419

280	4051.352

281	4052.285

282	4053.218

283	4054.152

284	4055.085

285	4056.019

286	4056.953

287	4057.887

288	4058.822

289	4059.757

290	4060.692

291	4061.627

292	4062.562

293	4063.498

294	4064.433

295	4065.369

296	4066.305

297	4067.242

298	4068.178

299	4069.115

300	4070.052

301	4070.99

302	4071.927

303	4072.865

304	4073.803

305	4074.741

306	4075.679

307	4076.618

308	4077.557

309	4078.496

310	4079.435

311	4080.374

312	4081.314

313	4082.254

314	4083.194

315	4084.134

316	4085.075

317	4086.015

318	4086.956

319	4087.898

320	4088.839

321	4089.781

322	4090.722

323	4091.664

324	4092.607

325	4093.549

326	4094.492

327	4095.435

328	4096.378

329	4097.321

330	4098.265

331	4099.208

332	4100.152

333	4101.097

334	4102.041

335	4102.986

336	4103.931

337	4104.876

338	4105.821

339	4106.766

340	4107.712

341	4108.658

342	4109.604

343	4110.551

344	4111.497

345	4112.444

346	4113.391

347	4114.338

348	4115.286

349	4116.233

350	4117.181

351	4118.13

352	4119.078

353	4120.026

354	4120.975

355	4121.924

356	4122.873

357	4123.823

358	4124.772

359	4125.722

360	4126.672

361	4127.623

362	4128.573

363	4129.524

364	4130.475

365	4131.426

366	4132.378

367	4133.329

368	4134.281

369	4135.233

370	4136.185

371	4137.138

372	4138.091

373	4139.044

374	4139.997

375	4140.95

376	4141.904

377	4142.858

378	4143.812

379	4144.766

380	4145.72

381	4146.675

382	4147.63

383	4148.585

384	4149.54

385	4150.496

386	4151.452

387	4152.408

388	4153.364

389	4154.321

390	4155.277

391	4156.234

392	4157.191

393	4158.149

394	4159.106

395	4160.064

396	4161.022

397	4161.98

398	4162.939

399	4163.897

400	4164.856

401	4165.815

402	4166.775

403	4167.734

404	4168.694

405	4169.654

406	4170.614

407	4171.574

408	4172.535

409	4173.496

410	4174.457

411	4175.418

412	4176.38

413	4177.342

414	4178.304

415	4179.266

416	4180.228

417	4181.191

418	4182.154

419	4183.117

420	4184.08

421	4185.044

422	4186.007

423	4186.971

424	4187.936

425	4188.9

426	4189.865

427	4190.83

428	4191.795

429	4192.76

430	4193.725

431	4194.691

432	4195.657

433	4196.623

434	4197.59

435	4198.556

436	4199.523

437	4200.49

438	4201.458

439	4202.425

440	4203.393

441	4204.361

442	4205.329

443	4206.298

444	4207.266

445	4208.235

446	4209.204

447	4210.174

448	4211.143

449	4212.113

450	4213.083

451	4214.053

452	4215.023

453	4215.994

454	4216.965

455	4217.936

456	4218.907

457	4219.879

458	4220.851

459	4221.823

460	4222.795

461	4223.767

462	4224.74

463	4225.713

464	4226.686

465	4227.659

466	4228.633

467	4229.607

468	4230.581

469	4231.555

470	4232.53

471	4233.504

472	4234.479

473	4235.454

474	4236.43

475	4237.405

476	4238.381

477	4239.357

478	4240.333

479	4241.31

480	4242.287

481	4243.263

482	4244.241

483	4245.218

484	4246.196

485	4247.173

486	4248.152

487	4249.13

488	4250.108

489	4251.087

490	4252.066

491	4253.045

492	4254.025

493	4255.004

494	4255.984

495	4256.964

496	4257.945

497	4258.925

498	4259.906

499	4260.887

500	4261.868

501	4262.849

502	4263.831

503	4264.813

504	4265.795

505	4266.778

506	4267.76

507	4268.743

508	4269.726

509	4270.709

510	4271.693

511	4272.676

512	4273.66

513	4274.644

514	4275.629

515	4276.613

516	4277.598

517	4278.583

518	4279.569

519	4280.554

520	4281.54

521	4282.526

522	4283.512

523	4284.499

524	4285.485

525	4286.472

526	4287.459

527	4288.447

528	4289.434

529	4290.422

530	4291.41

531	4292.398

532	4293.387

533	4294.375

534	4295.364

535	4296.353

536	4297.343

537	4298.332

538	4299.322

539	4300.312

540	4301.303

541	4302.293

542	4303.284

543	4304.275

544	4305.266

545	4306.258

546	4307.249

547	4308.241

548	4309.233

549	4310.226

550	4311.218

551	4312.211

552	4313.204

553	4314.197

554	4315.191

555	4316.184

556	4317.178

557	4318.173

558	4319.167

559	4320.162

560	4321.157

561	4322.152

562	4323.147

563	4324.143

564	4325.138

565	4326.134

566	4327.131

567	4328.127

568	4329.124

569	4330.121

570	4331.118

571	4332.115

572	4333.113

573	4334.111

574	4335.109

575	4336.107

576	4337.106

577	4338.104

578	4339.103

579	4340.103

580	4341.102

581	4342.102

582	4343.102

583	4344.102

584	4345.102

585	4346.103

586	4347.104

587	4348.105

588	4349.106

589	4350.108

590	4351.109

591	4352.111

592	4353.114

593	4354.116

594	4355.119

595	4356.122

596	4357.125

597	4358.128

598	4359.132

599	4360.136

600	4361.14

601	4362.144

602	4363.149

603	4364.153

604	4365.158

605	4366.164

606	4367.169

607	4368.175

608	4369.181

609	4370.187

610	4371.193

611	4372.2

612	4373.207

613	4374.214

614	4375.221

615	4376.229

616	4377.236

617	4378.244

618	4379.253

619	4380.261

620	4381.27

621	4382.279

622	4383.288

623	4384.297

624	4385.307

625	4386.317

626	4387.327

627	4388.337

628	4389.348

629	4390.359

630	4391.37

631	4392.381

632	4393.392

633	4394.404

634	4395.416

635	4396.428

636	4397.441

637	4398.453

638	4399.466

639	4400.479

640	4401.493

641	4402.506

642	4403.52

643	4404.534

644	4405.549

645	4406.563

646	4407.578

647	4408.593

648	4409.608

649	4410.624

650	4411.639

651	4412.655

652	4413.671

653	4414.688

654	4415.704

655	4416.721

656	4417.738

657	4418.756

658	4419.773

659	4420.791

660	4421.809

661	4422.827

662	4423.846

663	4424.865

664	4425.884

665	4426.903

666	4427.922

667	4428.942

668	4429.962

669	4430.982

670	4432.003

671	4433.023

672	4434.044

673	4435.065

674	4436.086

675	4437.108

676	4438.13

677	4439.152

678	4440.174

679	4441.197

680	4442.219

681	4443.242

682	4444.266

683	4445.289

684	4446.313

685	4447.337

686	4448.361

687	4449.385

688	4450.41

689	4451.435

690	4452.46

691	4453.485

692	4454.511

693	4455.536

694	4456.562

695	4457.589

696	4458.615

697	4459.642

698	4460.669

699	4461.696

700	4462.724

701	4463.751

702	4464.779

703	4465.808

704	4466.836

705	4467.865

706	4468.893

707	4469.923

708	4470.952

709	4471.982

710	4473.011

711	4474.041

712	4475.072

713	4476.102

714	4477.133

715	4478.164

716	4479.195

717	4480.227

718	4481.259

719	4482.29

720	4483.323

721	4484.355

722	4485.388

723	4486.421

724	4487.454

725	4488.487

726	4489.521

727	4490.555

728	4491.589

729	4492.623

730	4493.658

731	4494.693

732	4495.728

733	4496.763

734	4497.799

735	4498.834

736	4499.87

737	4500.907

738	4501.943

739	4502.98

740	4504.017

741	4505.054

742	4506.091

743	4507.129

744	4508.167

745	4509.205

746	4510.244

747	4511.282

748	4512.321

749	4513.36

750	4514.4

751	4515.439

752	4516.479

753	4517.519

754	4518.559

755	4519.6

756	4520.641

757	4521.682

758	4522.723

759	4523.765

760	4524.806

761	4525.848

762	4526.891

763	4527.933

764	4528.976

765	4530.019

766	4531.062

767	4532.105

768	4533.149

769	4534.193

770	4535.237

771	4536.282

772	4537.326

773	4538.371

774	4539.416

775	4540.462

776	4541.507

777	4542.553

778	4543.599

779	4544.645

780	4545.692

781	4546.739

782	4547.786

783	4548.833

784	4549.881

785	4550.928

786	4551.976

787	4553.025

788	4554.073

789	4555.122

790	4556.171

791	4557.22

792	4558.27

793	4559.319

794	4560.369

795	4561.419

796	4562.47

797	4563.52

798	4564.571

799	4565.623

800	4566.674

801	4567.726

802	4568.777

803	4569.83

804	4570.882

805	4571.935

806	4572.987

807	4574.04

808	4575.094

809	4576.147

810	4577.201

811	4578.255

812	4579.31

813	4580.364

814	4581.419

815	4582.474

816	4583.529

817	4584.585

818	4585.64

819	4586.696

820	4587.753

821	4588.809

822	4589.866

823	4590.923

824	4591.98

825	4593.038

826	4594.095

827	4595.153

828	4596.211

829	4597.27

830	4598.329

831	4599.387

832	4600.447

833	4601.506

834	4602.566

835	4603.626

836	4604.686

837	4605.746

838	4606.807

839	4607.868

840	4608.929

841	4609.99

842	4611.052

843	4612.114

844	4613.176

845	4614.238

846	4615.301

847	4616.364

848	4617.427

849	4618.49

850	4619.553

851	4620.617

852	4621.681

853	4622.746

854	4623.81

855	4624.875

856	4625.94

857	4627.005

858	4628.071

859	4629.137

860	4630.203

861	4631.269

862	4632.335

863	4633.402

864	4634.469

865	4635.536

866	4636.604

867	4637.672

868	4638.74

869	4639.808

870	4640.876

871	4641.945

872	4643.014

873	4644.083

874	4645.153

875	4646.222

876	4647.292

877	4648.363

878	4649.433

879	4650.504

880	4651.575

881	4652.646

882	4653.717

883	4654.789

884	4655.861

885	4656.933

886	4658.006

887	4659.078

888	4660.151

889	4661.224

890	4662.298

891	4663.371

892	4664.445

893	4665.519

894	4666.594

895	4667.668

896	4668.743

897	4669.818

898	4670.894

899	4671.97

900	4673.045

901	4674.122

902	4675.198

903	4676.275

904	4677.351

905	4678.429

906	4679.506

907	4680.584

908	4681.661

909	4682.74

910	4683.818

911	4684.896

912	4685.975

913	4687.054

914	4688.134

915	4689.213

916	4690.293

917	4691.373

918	4692.454

919	4693.534

920	4694.615

921	4695.696

922	4696.778

923	4697.859

924	4698.941

925	4700.023

926	4701.106

927	4702.188

928	4703.271

929	4704.354

930	4705.437

931	4706.521

932	4707.605

933	4708.689

934	4709.773

935	4710.858

936	4711.943

937	4713.028

938	4714.113

939	4715.199

940	4716.285

941	4717.371

942	4718.457

943	4719.544

944	4720.63

945	4721.718

946	4722.805

947	4723.892

948	4724.98

949	4726.068

950	4727.157

951	4728.245

952	4729.334

953	4730.423

954	4731.513

955	4732.602

956	4733.692

957	4734.782

958	4735.872

959	4736.963

960	4738.054

961	4739.145

962	4740.236

963	4741.328

964	4742.42

965	4743.512

966	4744.604

967	4745.697

968	4746.79

969	4747.883

970	4748.976

971	4750.07

972	4751.164

973	4752.258

974	4753.352

975	4754.447

976	4755.542

977	4756.637

978	4757.732

979	4758.828

980	4759.924

981	4761.02

982	4762.116

983	4763.213

984	4764.31

985	4765.407

986	4766.504

987	4767.602

988	4768.7

989	4769.798

990	4770.897

991	4771.995

992	4773.094

993	4774.193

994	4775.293

995	4776.392

996	4777.492

997	4778.593

998	4779.693

999	4780.794

1000	4781.895

1001	4782.996

1002	4784.097

1003	4785.199

1004	4786.301

1005	4787.403

1006	4788.506

1007	4789.608

1008	4790.711

1009	4791.815

1010	4792.918

1011	4794.022

1012	4795.126

1013	4796.23

1014	4797.334

1015	4798.439

1016	4799.544

1017	4800.65

1018	4801.755

1019	4802.861

1020	4803.967

1021	4805.073

1022	4806.18

1023	4807.286

1024	4808.393

1025	4809.501

1026	4810.608

1027	4811.716

1028	4812.824

1029	4813.933

1030	4815.041

1031	4816.15

1032	4817.259

1033	4818.368

1034	4819.478

1035	4820.588

1036	4821.698

1037	4822.808

1038	4823.919

1039	4825.03

1040	4826.141

1041	4827.252

1042	4828.364

1043	4829.476

1044	4830.588

1045	4831.7

1046	4832.813

1047	4833.926

1048	4835.039

1049	4836.153

1050	4837.266

1051	4838.38

1052	4839.494

1053	4840.609

1054	4841.724

1055	4842.839

1056	4843.954

1057	4845.069

1058	4846.185

1059	4847.301

1060	4848.417

1061	4849.534

1062	4850.651

1063	4851.768

1064	4852.885

1065	4854.003

1066	4855.12

1067	4856.238

1068	4857.357

1069	4858.475

1070	4859.594

1071	4860.713

1072	4861.833

1073	4862.952

1074	4864.072

1075	4865.192

1076	4866.313

1077	4867.433

1078	4868.554

1079	4869.675

1080	4870.797

1081	4871.918

1082	4873.04

1083	4874.162

1084	4875.285

1085	4876.408

1086	4877.531

1087	4878.654

1088	4879.777

1089	4880.901

1090	4882.025

1091	4883.149

1092	4884.274

1093	4885.399

1094	4886.524

1095	4887.649

1096	4888.774

1097	4889.9

1098	4891.026

1099	4892.153

1100	4893.279

1101	4894.406

1102	4895.533

1103	4896.661

1104	4897.788

1105	4898.916

1106	4900.044

1107	4901.173

1108	4902.301

1109	4903.43

1110	4904.559

1111	4905.689

1112	4906.819

1113	4907.949

1114	4909.079

1115	4910.209

1116	4911.34

1117	4912.471

1118	4913.602

1119	4914.734

1120	4915.866

1121	4916.998

1122	4918.13

1123	4919.263

1124	4920.395

1125	4921.528

1126	4922.662

1127	4923.795

1128	4924.929

1129	4926.063

1130	4927.198

1131	4928.332

1132	4929.467

1133	4930.603

1134	4931.738

1135	4932.874

1136	4934.01

1137	4935.146

1138	4936.282

1139	4937.419

1140	4938.556

1141	4939.693

1142	4940.831

1143	4941.969

1144	4943.107

1145	4944.245

1146	4945.384

1147	4946.523

1148	4947.662

1149	4948.801

1150	4949.941

1151	4951.081

1152	4952.221

1153	4953.361

1154	4954.502

1155	4955.643

1156	4956.784

1157	4957.926

1158	4959.067

1159	4960.209

1160	4961.352

1161	4962.494

1162	4963.637

1163	4964.78

1164	4965.923

1165	4967.067

1166	4968.211

1167	4969.355

1168	4970.499

1169	4971.644

1170	4972.789

1171	4973.934

1172	4975.079

1173	4976.225

1174	4977.371

1175	4978.517

1176	4979.664

1177	4980.81

1178	4981.957

1179	4983.105

1180	4984.252

1181	4985.4

1182	4986.548

1183	4987.696

1184	4988.845

1185	4989.994

1186	4991.143

1187	4992.292

1188	4993.442

1189	4994.592

1190	4995.742

1191	4996.892

1192	4998.043

1193	4999.194

1194	5000.345

1195	5001.497

1196	5002.649

1197	5003.801

1198	5004.953

1199	5006.106

1200	5007.258

1201	5008.411

1202	5009.565

1203	5010.718

1204	5011.872

1205	5013.026

1206	5014.181

1207	5015.336

1208	5016.491

1209	5017.646

1210	5018.801

1211	5019.957

1212	5021.113

1213	5022.269

1214	5023.426

1215	5024.583

1216	5025.74

1217	5026.897

1218	5028.055

1219	5029.213

1220	5030.371

1221	5031.529

1222	5032.688

1223	5033.847

1224	5035.006

1225	5036.166

1226	5037.325

1227	5038.485

1228	5039.646

1229	5040.806

1230	5041.967

1231	5043.128

1232	5044.289

1233	5045.451

1234	5046.613

1235	5047.775

1236	5048.938

1237	5050.1

1238	5051.263

1239	5052.426

1240	5053.59

1241	5054.754

1242	5055.918

1243	5057.082

1244	5058.247

1245	5059.411

1246	5060.577

1247	5061.742

1248	5062.908

1249	5064.073

1250	5065.24

1251	5066.406

1252	5067.573

1253	5068.74

1254	5069.907

1255	5071.075

1256	5072.242

1257	5073.41

1258	5074.579

1259	5075.747

1260	5076.916

1261	5078.085

1262	5079.255

1263	5080.424

1264	5081.594

1265	5082.765

1266	5083.935

1267	5085.106

1268	5086.277

1269	5087.448

1270	5088.62

1271	5089.792

1272	5090.964

1273	5092.136

1274	5093.309

1275	5094.482

1276	5095.655

1277	5096.828

1278	5098.002

1279	5099.176

1280	5100.35

1281	5101.525

1282	5102.7

1283	5103.875

1284	5105.05

1285	5106.226

1286	5107.402

1287	5108.578

1288	5109.754

1289	5110.931

1290	5112.108

1291	5113.285

1292	5114.463

1293	5115.64

1294	5116.818

1295	5117.997

1296	5119.175

1297	5120.354

1298	5121.533

1299	5122.713

1300	5123.892

1301	5125.072

1302	5126.253

1303	5127.433

1304	5128.614

1305	5129.795

1306	5130.976

1307	5132.158

1308	5133.34

1309	5134.522

1310	5135.704

1311	5136.887

1312	5138.07

1313	5139.253

1314	5140.437

1315	5141.62

1316	5142.804

1317	5143.989

1318	5145.173

1319	5146.358

1320	5147.543

1321	5148.729

1322	5149.914

1323	5151.1

1324	5152.286

1325	5153.473

1326	5154.66

1327	5155.847

1328	5157.034

1329	5158.222

1330	5159.41

1331	5160.598

1332	5161.786

1333	5162.975

1334	5164.164

1335	5165.353

1336	5166.542

1337	5167.732

1338	5168.922

1339	5170.113

1340	5171.303

1341	5172.494

1342	5173.685

1343	5174.877

1344	5176.068

1345	5177.26

1346	5178.453

1347	5179.645

1348	5180.838

1349	5182.031

1350	5183.224

1351	5184.418

1352	5185.612

1353	5186.806

1354	5188

1355	5189.195

1356	5190.39

1357	5191.585

1358	5192.781

1359	5193.977

1360	5195.173

1361	5196.369

1362	5197.566

1363	5198.763

1364	5199.96

1365	5201.157

1366	5202.355

1367	5203.553

1368	5204.752

1369	5205.95

1370	5207.149

1371	5208.348

1372	5209.547

1373	5210.747

1374	5211.947

1375	5213.147

1376	5214.348

1377	5215.549

1378	5216.75

1379	5217.951

1380	5219.153

1381	5220.355

1382	5221.557

1383	5222.759

1384	5223.962

1385	5225.165

1386	5226.368

1387	5227.572

1388	5228.776

1389	5229.98

1390	5231.184

1391	5232.389

1392	5233.594

1393	5234.799

1394	5236.004

1395	5237.21

1396	5238.416

1397	5239.623

1398	5240.829

1399	5242.036

1400	5243.243

1401	5244.451

1402	5245.658

1403	5246.866

1404	5248.075

1405	5249.283

1406	5250.492

1407	5251.701

1408	5252.91

1409	5254.12

1410	5255.33

1411	5256.54

1412	5257.751

1413	5258.962

1414	5260.173

1415	5261.384

1416	5262.596

1417	5263.808

1418	5265.02

1419	5266.232

1420	5267.445

1421	5268.658

1422	5269.871

1423	5271.085

1424	5272.299

1425	5273.513

1426	5274.727

1427	5275.942

1428	5277.157

1429	5278.372

1430	5279.588

1431	5280.803

1432	5282.019

1433	5283.236

1434	5284.453

1435	5285.669

1436	5286.887

1437	5288.104

1438	5289.322

1439	5290.54

1440	5291.758

1441	5292.977

1442	5294.196

1443	5295.415

1444	5296.634

1445	5297.854

1446	5299.074

1447	5300.294

1448	5301.515

1449	5302.736

1450	5303.957

1451	5305.178

1452	5306.4

1453	5307.622

1454	5308.844

1455	5310.067

1456	5311.29

1457	5312.513

1458	5313.736

1459	5314.96

1460	5316.184

1461	5317.408

1462	5318.633

1463	5319.858

1464	5321.083

1465	5322.308

1466	5323.534

1467	5324.76

1468	5325.986

1469	5327.212

1470	5328.439

1471	5329.666

1472	5330.893

1473	5332.121

1474	5333.349

1475	5334.577

1476	5335.806

1477	5337.034

1478	5338.263

1479	5339.493

1480	5340.722

1481	5341.952

1482	5343.182

1483	5344.413

1484	5345.644

1485	5346.875

1486	5348.106

1487	5349.338

1488	5350.569

1489	5351.802

1490	5353.034

1491	5354.267

1492	5355.5

1493	5356.733

1494	5357.967

1495	5359.2

1496	5360.435

1497	5361.669

1498	5362.904

1499	5364.139

1500	5365.374

1501	5366.61

1502	5367.845

1503	5369.082

1504	5370.318

1505	5371.555

1506	5372.792

1507	5374.029

1508	5375.266

1509	5376.504

1510	5377.742

1511	5378.981

1512	5380.22

1513	5381.459

1514	5382.698

1515	5383.937

1516	5385.177

1517	5386.417

1518	5387.658

1519	5388.898

1520	5390.139

1521	5391.381

1522	5392.622

1523	5393.864

1524	5395.106

1525	5396.349

1526	5397.591

1527	5398.834

1528	5400.078

1529	5401.321

1530	5402.565

1531	5403.809

1532	5405.054

1533	5406.298

1534	5407.543

1535	5408.789

1536	5410.034

1537	5411.28

1538	5412.526

1539	5413.772

1540	5415.019

1541	5416.266

1542	5417.513

1543	5418.761

1544	5420.009

1545	5421.257

1546	5422.505

1547	5423.754

1548	5425.003

1549	5426.253

1550	5427.502

1551	5428.752

1552	5430.002

1553	5431.253

1554	5432.503

1555	5433.754

1556	5435.006

1557	5436.257

1558	5437.509

1559	5438.761

1560	5440.014

1561	5441.267

1562	5442.52

1563	5443.773

1564	5445.027

1565	5446.28

1566	5447.535

1567	5448.789

1568	5450.044

1569	5451.299

1570	5452.554

1571	5453.81

1572	5455.066

1573	5456.322

1574	5457.579

1575	5458.835

1576	5460.092

1577	5461.35

1578	5462.608

1579	5463.865

1580	5465.124

1581	5466.382

1582	5467.641

1583	5468.9

1584	5470.16

1585	5471.419

1586	5472.679

1587	5473.94

1588	5475.2

1589	5476.461

1590	5477.722

1591	5478.984

1592	5480.245

1593	5481.507

1594	5482.77

1595	5484.032

1596	5485.295

1597	5486.558

1598	5487.822

1599	5489.086

1600	5490.35

1601	5491.614

1602	5492.879

1603	5494.144

1604	5495.409

1605	5496.674

1606	5497.94

1607	5499.206

1608	5500.473

1609	5501.739

1610	5503.006

1611	5504.273

1612	5505.541

1613	5506.809

1614	5508.077

1615	5509.345

1616	5510.614

1617	5511.883

1618	5513.152

1619	5514.422

1620	5515.692

1621	5516.962

1622	5518.233

1623	5519.503

1624	5520.774

1625	5522.046

1626	5523.317

1627	5524.589

1628	5525.862

1629	5527.134

1630	5528.407

1631	5529.68

1632	5530.953

1633	5532.227

1634	5533.501

1635	5534.775

1636	5536.05

1637	5537.325

1638	5538.6

1639	5539.875

1640	5541.151

1641	5542.427

1642	5543.704

1643	5544.98

1644	5546.257

1645	5547.534

1646	5548.812

1647	5550.09

1648	5551.368

1649	5552.646

1650	5553.925

1651	5555.204

1652	5556.483

1653	5557.763

1654	5559.043

1655	5560.323

1656	5561.603

1657	5562.884

1658	5564.165

1659	5565.446

1660	5566.728

1661	5568.01

1662	5569.292

1663	5570.575

1664	5571.857

1665	5573.141

1666	5574.424

1667	5575.708

1668	5576.992

1669	5578.276

1670	5579.561

1671	5580.846

1672	5582.131

1673	5583.416

1674	5584.702

1675	5585.988

1676	5587.274

1677	5588.561

1678	5589.848

1679	5591.135

1680	5592.423

1681	5593.711

1682	5594.999

1683	5596.287

1684	5597.576

1685	5598.865

1686	5600.154

1687	5601.444

1688	5602.734

1689	5604.024

1690	5605.315

1691	5606.606

1692	5607.897

1693	5609.188

1694	5610.48

1695	5611.772

1696	5613.064

1697	5614.357

1698	5615.65

1699	5616.943

1700	5618.236

1701	5619.53

1702	5620.824

1703	5622.119

1704	5623.413

1705	5624.708

1706	5626.004

1707	5627.299

1708	5628.595

1709	5629.891

1710	5631.188

1711	5632.484

1712	5633.782

1713	5635.079

1714	5636.377

1715	5637.675

1716	5638.973

1717	5640.271

1718	5641.57

1719	5642.869

1720	5644.169

1721	5645.469

1722	5646.769

1723	5648.069

1724	5649.37

1725	5650.671

1726	5651.972

1727	5653.274

1728	5654.575

1729	5655.878

1730	5657.18

1731	5658.483

1732	5659.786

1733	5661.089

1734	5662.393

1735	5663.697

1736	5665.001

1737	5666.306

1738	5667.611

1739	5668.916

1740	5670.221

1741	5671.527

1742	5672.833

1743	5674.139

1744	5675.446

1745	5676.753

1746	5678.06

1747	5679.368

1748	5680.676

1749	5681.984

1750	5683.292

1751	5684.601

1752	5685.91

1753	5687.22

1754	5688.529

1755	5689.839

1756	5691.15

1757	5692.46

1758	5693.771

1759	5695.082

1760	5696.394

1761	5697.706

1762	5699.018

1763	5700.33

1764	5701.643

1765	5702.956

1766	5704.269

1767	5705.583

1768	5706.897

1769	5708.211

1770	5709.525

1771	5710.84

1772	5712.155

1773	5713.471

1774	5714.786

1775	5716.102

1776	5717.419

1777	5718.735

1778	5720.052

1779	5721.37

1780	5722.687

1781	5724.005

1782	5725.323

1783	5726.642

1784	5727.96

1785	5729.279

1786	5730.599

1787	5731.918

1788	5733.238

1789	5734.559

1790	5735.879

1791	5737.2

1792	5738.521

1793	5739.843

1794	5741.165

1795	5742.487

1796	5743.809

1797	5745.132

1798	5746.455

1799	5747.778

1800	5749.102

1801	5750.426

1802	5751.75

1803	5753.075

1804	5754.399

1805	5755.725

1806	5757.05

1807	5758.376

1808	5759.702

1809	5761.028

1810	5762.355

1811	5763.682

1812	5765.009

1813	5766.337

1814	5767.665

1815	5768.993

1816	5770.321

1817	5771.65

1818	5772.979

1819	5774.309

1820	5775.638

1821	5776.969

1822	5778.299

1823	5779.63

1824	5780.96

1825	5782.292

1826	5783.623

1827	5784.955

1828	5786.287

1829	5787.62

1830	5788.953

1831	5790.286

1832	5791.619

1833	5792.953

1834	5794.287

1835	5795.621

1836	5796.956

1837	5798.291

1838	5799.626

1839	5800.962

1840	5802.298

1841	5803.634

1842	5804.97

1843	5806.307

1844	5807.644

1845	5808.982

1846	5810.319

1847	5811.657

1848	5812.996

1849	5814.334

1850	5815.673

1851	5817.013

1852	5818.352

1853	5819.692

1854	5821.032

1855	5822.373

1856	5823.713

1857	5825.055

1858	5826.396

1859	5827.738

1860	5829.08

1861	5830.422

1862	5831.765

1863	5833.108

1864	5834.451

1865	5835.795

1866	5837.139

1867	5838.483

1868	5839.827

1869	5841.172

1870	5842.517

1871	5843.863

1872	5845.208

1873	5846.554

1874	5847.901

1875	5849.248

1876	5850.595

1877	5851.942

1878	5853.289

1879	5854.637

1880	5855.986

1881	5857.334

1882	5858.683

1883	5860.032

1884	5861.382

1885	5862.731

1886	5864.082

1887	5865.432

1888	5866.783

1889	5868.134

1890	5869.485

1891	5870.837

1892	5872.189

1893	5873.541

1894	5874.894

1895	5876.246

1896	5877.6

1897	5878.953

1898	5880.307

1899	5881.661

1900	5883.016

1901	5884.37

1902	5885.725

1903	5887.081

1904	5888.437

1905	5889.793

1906	5891.149

1907	5892.506

1908	5893.863

1909	5895.22

1910	5896.577

1911	5897.935

1912	5899.293

1913	5900.652

1914	5902.011

1915	5903.37

1916	5904.729

1917	5906.089

1918	5907.449

1919	5908.81

1920	5910.17

1921	5911.531

1922	5912.893

1923	5914.254

1924	5915.616

1925	5916.979

1926	5918.341

1927	5919.704

1928	5921.067

1929	5922.431

1930	5923.795

1931	5925.159

1932	5926.523

1933	5927.888

1934	5929.253

1935	5930.619

1936	5931.984

1937	5933.35

1938	5934.717

1939	5936.083

1940	5937.45

1941	5938.818

1942	5940.185

1943	5941.553

1944	5942.922

1945	5944.29

1946	5945.659

1947	5947.028

1948	5948.398

1949	5949.768

1950	5951.138

1951	5952.508

1952	5953.879

1953	5955.25

1954	5956.621

1955	5957.993

1956	5959.365

1957	5960.738

1958	5962.11

1959	5963.483

1960	5964.856

1961	5966.23

1962	5967.604

1963	5968.978

1964	5970.353

1965	5971.728

1966	5973.103

1967	5974.478

1968	5975.854

1969	5977.23

1970	5978.607

1971	5979.984

1972	5981.361

1973	5982.738

1974	5984.116

1975	5985.494

1976	5986.872

1977	5988.251

1978	5989.63

1979	5991.009

1980	5992.389

1981	5993.769

1982	5995.149

1983	5996.53

1984	5997.911

1985	5999.292

1986	6000.674

1987	6002.055

1988	6003.438

1989	6004.82

1990	6006.203

1991	6007.586

1992	6008.97

1993	6010.353

1994	6011.737

1995	6013.122

1996	6014.507

1997	6015.892

1998	6017.277

1999	6018.663

2000	6020.049

2001	6021.435

2002	6022.822

2003	6024.209

2004	6025.596

2005	6026.983

2006	6028.371

2007	6029.76

2008	6031.148

2009	6032.537

2010	6033.926

2011	6035.316

2012	6036.706

2013	6038.096

2014	6039.486

2015	6040.877

2016	6042.268

2017	6043.66

2018	6045.051

2019	6046.444

2020	6047.836

2021	6049.229

2022	6050.622

2023	6052.015

2024	6053.409

2025	6054.803

2026	6056.197

2027	6057.592

2028	6058.987

2029	6060.382

2030	6061.778

2031	6063.174

2032	6064.57

2033	6065.966

2034	6067.363

2035	6068.761

2036	6070.158

2037	6071.556

2038	6072.954

2039	6074.353

2040	6075.751

2041	6077.151

2042	6078.55

2043	6079.95

2044	6081.35

2045	6082.75

2046	6084.151

2047	6085.552

2048	6086.954

2049	6088.355

2050	6089.758

2051	6091.16

2052	6092.563

2053	6093.966

2054	6095.369

2055	6096.773

2056	6098.177

2057	6099.581

2058	6100.986

2059	6102.391

2060	6103.796

2061	6105.201

2062	6106.607

2063	6108.014

2064	6109.42

2065	6110.827

2066	6112.234

2067	6113.642

2068	6115.05

2069	6116.458

2070	6117.867

2071	6119.275

2072	6120.685

2073	6122.094

2074	6123.504

2075	6124.914

2076	6126.325

2077	6127.735

2078	6129.146

2079	6130.558

2080	6131.97

2081	6133.382

2082	6134.794

2083	6136.207

2084	6137.62

2085	6139.033

2086	6140.447

2087	6141.861

2088	6143.276

2089	6144.69

2090	6146.105

2091	6147.521

2092	6148.936

2093	6150.352

2094	6151.769

2095	6153.185

2096	6154.602

2097	6156.02

2098	6157.437

2099	6158.855

2100	6160.274

2101	6161.692

2102	6163.111

2103	6164.53

2104	6165.95

2105	6167.37

2106	6168.79

2107	6170.211

2108	6171.632

2109	6173.053

2110	6174.474

2111	6175.896

2112	6177.319

2113	6178.741

2114	6180.164

2115	6181.587

2116	6183.011

2117	6184.435

2118	6185.859

2119	6187.283

2120	6188.708

2121	6190.133

2122	6191.559

2123	6192.985

2124	6194.411

2125	6195.837

2126	6197.264

2127	6198.691

2128	6200.119

2129	6201.546

2130	6202.975

2131	6204.403

2132	6205.832

2133	6207.261

2134	6208.69

2135	6210.12

2136	6211.55

2137	6212.981

2138	6214.411

2139	6215.842

2140	6217.274

2141	6218.706

2142	6220.138

2143	6221.57

2144	6223.003

2145	6224.436

2146	6225.869

2147	6227.303

2148	6228.737

2149	6230.171

2150	6231.606

2151	6233.041

2152	6234.477

2153	6235.912

2154	6237.348

2155	6238.785

2156	6240.221

2157	6241.658

2158	6243.096

2159	6244.534

2160	6245.972

2161	6247.41

2162	6248.849

2163	6250.288

2164	6251.727

2165	6253.167

2166	6254.607

2167	6256.047

2168	6257.488

2169	6258.929

2170	6260.37

2171	6261.812

2172	6263.254

2173	6264.696

2174	6266.139

2175	6267.582

2176	6269.025

2177	6270.469

2178	6271.913

2179	6273.357

2180	6274.802

2181	6276.247

2182	6277.692

2183	6279.138

2184	6280.584

2185	6282.03

2186	6283.477

2187	6284.924

2188	6286.371

2189	6287.819

2190	6289.267

2191	6290.715

2192	6292.164

2193	6293.613

2194	6295.062

2195	6296.511

2196	6297.961

2197	6299.412

2198	6300.862

2199	6302.313

2200	6303.765

2201	6305.216

2202	6306.668

2203	6308.121

2204	6309.573

2205	6311.026

2206	6312.48

2207	6313.933

2208	6315.387

2209	6316.842

2210	6318.296

2211	6319.751

2212	6321.207

2213	6322.662

2214	6324.119

2215	6325.575

2216	6327.032

2217	6328.489

2218	6329.946

2219	6331.404

2220	6332.862

2221	6334.32

2222	6335.779

2223	6337.238

2224	6338.697

2225	6340.157

2226	6341.617

2227	6343.077

2228	6344.538

2229	6345.999

2230	6347.46

2231	6348.922

2232	6350.384

2233	6351.847

2234	6353.309

2235	6354.772

2236	6356.236

2237	6357.7

2238	6359.164

2239	6360.628

2240	6362.093

2241	6363.558

2242	6365.023

2243	6366.489

2244	6367.955

2245	6369.422

2246	6370.888

2247	6372.356

2248	6373.823

2249	6375.291

2250	6376.759

2251	6378.227

2252	6379.696

2253	6381.165

2254	6382.635

2255	6384.105

2256	6385.575

2257	6387.045

2258	6388.516

2259	6389.987

2260	6391.459

2261	6392.931

2262	6394.403

2263	6395.875

2264	6397.348

2265	6398.822

2266	6400.295

2267	6401.769

2268	6403.243

2269	6404.718

2270	6406.193

2271	6407.668

2272	6409.144

2273	6410.619

2274	6412.096

2275	6413.572

2276	6415.049

2277	6416.527

2278	6418.004

2279	6419.482

2280	6420.961

2281	6422.439

2282	6423.918

2283	6425.398

2284	6426.877

2285	6428.357

2286	6429.838

2287	6431.318

2288	6432.799

2289	6434.281

2290	6435.762

2291	6437.244

2292	6438.727

2293	6440.21

2294	6441.693

2295	6443.176

2296	6444.66

2297	6446.144

2298	6447.628

2299	6449.113

2300	6450.598

2301	6452.084

2302	6453.57

2303	6455.056

2304	6456.542

2305	6458.029

2306	6459.516

2307	6461.004

2308	6462.492

2309	6463.98

2310	6465.468

2311	6466.957

2312	6468.447

2313	6469.936

2314	6471.426

2315	6472.916

2316	6474.407

2317	6475.898

2318	6477.389

2319	6478.881

2320	6480.373

2321	6481.865

2322	6483.358

2323	6484.851

2324	6486.344

2325	6487.838

2326	6489.332

2327	6490.826

2328	6492.321

2329	6493.816

2330	6495.312

2331	6496.808

2332	6498.304

2333	6499.8

2334	6501.297

2335	6502.794

2336	6504.292

2337	6505.789

2338	6507.288

2339	6508.786

2340	6510.285

2341	6511.784

2342	6513.284

2343	6514.784

2344	6516.284

2345	6517.785

2346	6519.285

2347	6520.787

2348	6522.288

2349	6523.79

2350	6525.293

2351	6526.795

2352	6528.298

2353	6529.802

2354	6531.306

2355	6532.81

2356	6534.314

2357	6535.819

2358	6537.324

2359	6538.829

2360	6540.335

2361	6541.841

2362	6543.348

2363	6544.855

2364	6546.362

2365	6547.869

2366	6549.377

2367	6550.885

2368	6552.394

2369	6553.903

2370	6555.412

2371	6556.922

2372	6558.432

2373	6559.942

2374	6561.453

2375	6562.964

2376	6564.475

2377	6565.987

2378	6567.499

2379	6569.011

2380	6570.524

2381	6572.037

2382	6573.55

2383	6575.064

2384	6576.578

2385	6578.093

2386	6579.608

2387	6581.123

2388	6582.638

2389	6584.154

2390	6585.671

2391	6587.187

2392	6588.704

2393	6590.221

2394	6591.739

2395	6593.257

2396	6594.775

2397	6596.294

2398	6597.813

2399	6599.332

2400	6600.852

2401	6602.372

2402	6603.893

2403	6605.413

2404	6606.934

2405	6608.456

2406	6609.978

2407	6611.5

2408	6613.022

2409	6614.545

2410	6616.069

2411	6617.592

2412	6619.116

2413	6620.64

2414	6622.165

2415	6623.69

2416	6625.215

2417	6626.741

2418	6628.267

2419	6629.793

2420	6631.32

2421	6632.847

2422	6634.375

2423	6635.903

2424	6637.431

2425	6638.959

2426	6640.488

2427	6642.017

2428	6643.547

2429	6645.077

2430	6646.607

2431	6648.138

2432	6649.669

2433	6651.2

2434	6652.732

2435	6654.264

2436	6655.796

2437	6657.329

2438	6658.862

2439	6660.395

2440	6661.929

2441	6663.463

2442	6664.998

2443	6666.532

2444	6668.068

2445	6669.603

2446	6671.139

2447	6672.675

2448	6674.212

2449	6675.749

2450	6677.286

2451	6678.824

2452	6680.362

2453	6681.9

2454	6683.439

2455	6684.978

2456	6686.518

2457	6688.058

2458	6689.598

2459	6691.138

2460	6692.679

2461	6694.22

2462	6695.762

2463	6697.304

2464	6698.846

2465	6700.389

2466	6701.932

2467	6703.475

2468	6705.019

2469	6706.563

2470	6708.107

2471	6709.652

2472	6711.197

2473	6712.743

2474	6714.289

2475	6715.835

2476	6717.381

2477	6718.928

2478	6720.475

2479	6722.023

2480	6723.571

2481	6725.119

2482	6726.668

2483	6728.217

2484	6729.767

2485	6731.316

2486	6732.866

2487	6734.417

2488	6735.968

2489	6737.519

2490	6739.071

2491	6740.622

2492	6742.175

2493	6743.727

2494	6745.28

2495	6746.834

2496	6748.387

2497	6749.941

2498	6751.496

2499	6753.051

2500	6754.606

2501	6756.161

2502	6757.717

2503	6759.273

2504	6760.83

2505	6762.387

2506	6763.944

2507	6765.502

2508	6767.06

2509	6768.618

2510	6770.177

2511	6771.736

2512	6773.295

2513	6774.855

2514	6776.415

2515	6777.976

2516	6779.536

2517	6781.098

2518	6782.659

2519	6784.221

2520	6785.784

2521	6787.346

2522	6788.909

2523	6790.473

2524	6792.036

2525	6793.6

2526	6795.165

2527	6796.73

2528	6798.295

2529	6799.86

2530	6801.426

2531	6802.993

2532	6804.559

2533	6806.126

2534	6807.694

2535	6809.261

2536	6810.829

2537	6812.398

2538	6813.967

2539	6815.536

2540	6817.105

2541	6818.675

2542	6820.245

2543	6821.816

2544	6823.387

2545	6824.958

2546	6826.53

2547	6828.102

2548	6829.674

2549	6831.247

2550	6832.82

2551	6834.394

2552	6835.968

2553	6837.542

2554	6839.116

2555	6840.691

2556	6842.267

2557	6843.842

2558	6845.418

2559	6846.995

2560	6848.572

2561	6850.149

2562	6851.726

2563	6853.304

2564	6854.882

2565	6856.461

2566	6858.04

2567	6859.619

2568	6861.199

2569	6862.779

2570	6864.359

2571	6865.94

2572	6867.521

2573	6869.103

2574	6870.684

2575	6872.267

2576	6873.849

2577	6875.432

2578	6877.015

2579	6878.599

2580	6880.183

2581	6881.768

2582	6883.352

2583	6884.937

2584	6886.523

2585	6888.109

2586	6889.695

2587	6891.282

2588	6892.869

2589	6894.456

2590	6896.044

2591	6897.632

2592	6899.22

2593	6900.809

2594	6902.398

2595	6903.988

2596	6905.577

2597	6907.168

2598	6908.758

2599	6910.349

2600	6911.941

2601	6913.532

2602	6915.124

2603	6916.717

2604	6918.31

2605	6919.903

2606	6921.496

2607	6923.09

2608	6924.685

2609	6926.279

2610	6927.874

2611	6929.47

2612	6931.065

2613	6932.662

2614	6934.258

2615	6935.855

2616	6937.452

2617	6939.05

2618	6940.648

2619	6942.246

2620	6943.845

2621	6945.444

2622	6947.043

2623	6948.643

2624	6950.243

2625	6951.844

2626	6953.445

2627	6955.046

2628	6956.648

2629	6958.25

2630	6959.852

2631	6961.455

2632	6963.058

2633	6964.661

2634	6966.265

2635	6967.869

2636	6969.474

2637	6971.079

2638	6972.684

2639	6974.29

2640	6975.896

2641	6977.502

2642	6979.109

2643	6980.716

2644	6982.324

2645	6983.932

2646	6985.54

2647	6987.149

2648	6988.758

2649	6990.367

2650	6991.977

2651	6993.587

2652	6995.198

2653	6996.809

2654	6998.42

2655	7000.032

2656	7001.644

2657	7003.256

2658	7004.869

2659	7006.482

2660	7008.095

2661	7009.709

2662	7011.323

2663	7012.938

2664	7014.553

2665	7016.168

2666	7017.784

2667	7019.4

2668	7021.017

2669	7022.633

2670	7024.251

2671	7025.868

2672	7027.486

2673	7029.105

2674	7030.723

2675	7032.342

2676	7033.962

2677	7035.582

2678	7037.202

2679	7038.822

2680	7040.443

2681	7042.065

2682	7043.686

2683	7045.308

2684	7046.931

2685	7048.553

2686	7050.177

2687	7051.8

2688	7053.424

2689	7055.048

2690	7056.673

2691	7058.298

2692	7059.924

2693	7061.549

2694	7063.176

2695	7064.802

2696	7066.429

2697	7068.056

2698	7069.684

2699	7071.312

2700	7072.94

2701	7074.569

2702	7076.198

2703	7077.828

2704	7079.458

2705	7081.088

2706	7082.719

2707	7084.35

2708	7085.981

2709	7087.613

2710	7089.245

2711	7090.878

2712	7092.511

2713	7094.144

2714	7095.778

2715	7097.412

2716	7099.046

2717	7100.681

2718	7102.316

2719	7103.952

2720	7105.588

2721	7107.224

2722	7108.861

2723	7110.498

2724	7112.135

2725	7113.773

2726	7115.411

2727	7117.05

2728	7118.689

2729	7120.328

2730	7121.968

2731	7123.608

2732	7125.248

2733	7126.889

2734	7128.53

2735	7130.172

2736	7131.814

2737	7133.456

2738	7135.099

2739	7136.742

2740	7138.386

2741	7140.029

2742	7141.674

2743	7143.318

2744	7144.963

2745	7146.609

2746	7148.254

2747	7149.901

2748	7151.547

2749	7153.194

2750	7154.841

2751	7156.489

2752	7158.137

2753	7159.785

2754	7161.434

2755	7163.083

2756	7164.733

2757	7166.383

2758	7168.033

2759	7169.684

2760	7171.335

2761	7172.986

2762	7174.638

2763	7176.29

2764	7177.943

2765	7179.596

2766	7181.249

2767	7182.903

2768	7184.557

2769	7186.212

2770	7187.866

2771	7189.522

2772	7191.177

2773	7192.833

2774	7194.49

2775	7196.147

2776	7197.804

2777	7199.461

2778	7201.119

2779	7202.778

2780	7204.436

2781	7206.095

2782	7207.755

2783	7209.415

2784	7211.075

2785	7212.735

2786	7214.396

2787	7216.058

2788	7217.719

2789	7219.382

2790	7221.044

2791	7222.707

2792	7224.37

2793	7226.034

2794	7227.698

2795	7229.362

2796	7231.027

2797	7232.692

2798	7234.358

2799	7236.024

2800	7237.69

2801	7239.357

2802	7241.024

2803	7242.692

2804	7244.36

2805	7246.028

2806	7247.697

2807	7249.366

2808	7251.035

2809	7252.705

2810	7254.375

2811	7256.046

2812	7257.717

2813	7259.388

2814	7261.06

2815	7262.732

2816	7264.404

2817	7266.077

2818	7267.75

2819	7269.424

2820	7271.098

2821	7272.772

2822	7274.447

2823	7276.122

2824	7277.798

2825	7279.474

2826	7281.15

2827	7282.827

2828	7284.504

2829	7286.182

2830	7287.86

2831	7289.538

2832	7291.217

2833	7292.896

2834	7294.575

2835	7296.255

2836	7297.935

2837	7299.616

2838	7301.297

2839	7302.978

2840	7304.66

2841	7306.342

2842	7308.025

2843	7309.708

2844	7311.391

2845	7313.075

2846	7314.759

2847	7316.443

2848	7318.128

2849	7319.813

2850	7321.499

2851	7323.185

2852	7324.871

2853	7326.558

2854	7328.245

2855	7329.933

2856	7331.621

2857	7333.309

2858	7334.998

2859	7336.687

2860	7338.377

2861	7340.067

2862	7341.757

2863	7343.448

2864	7345.139

2865	7346.83

2866	7348.522

2867	7350.214

2868	7351.907

2869	7353.6

2870	7355.293

2871	7356.987

2872	7358.681

2873	7360.376

2874	7362.071

2875	7363.766

2876	7365.462

2877	7367.158

2878	7368.855

2879	7370.552

2880	7372.249

2881	7373.947

2882	7375.645

2883	7377.343

2884	7379.042

2885	7380.742

2886	7382.441

2887	7384.141

2888	7385.842

2889	7387.543

2890	7389.244

2891	7390.946

2892	7392.648

2893	7394.35

2894	7396.053

2895	7397.756

2896	7399.46

2897	7401.164

2898	7402.868

2899	7404.573

2900	7406.278

2901	7407.983

2902	7409.689

2903	7411.396

2904	7413.102

2905	7414.81

2906	7416.517

2907	7418.225

2908	7419.933

2909	7421.642

2910	7423.351

2911	7425.061

2912	7426.77

2913	7428.481

2914	7430.191

2915	7431.902

2916	7433.614

2917	7435.326

2918	7437.038

2919	7438.751

2920	7440.464

2921	7442.177

2922	7443.891

2923	7445.605

2924	7447.32

2925	7449.035

2926	7450.75

2927	7452.466

2928	7454.182

2929	7455.899

2930	7457.616

2931	7459.333

2932	7461.051

2933	7462.769

2934	7464.488

2935	7466.207

2936	7467.926

2937	7469.646

2938	7471.366

2939	7473.086

2940	7474.807

2941	7476.529

2942	7478.25

2943	7479.972

2944	7481.695

2945	7483.418

2946	7485.141

2947	7486.865

2948	7488.589

2949	7490.314

2950	7492.038

2951	7493.764

2952	7495.489

2953	7497.216

2954	7498.942

2955	7500.669

2956	7502.396

2957	7504.124

2958	7505.852

2959	7507.581

2960	7509.309

2961	7511.039

2962	7512.768

2963	7514.498

2964	7516.229

2965	7517.96

2966	7519.691

2967	7521.423

2968	7523.155

2969	7524.887

2970	7526.62

2971	7528.353

2972	7530.087

2973	7531.821

2974	7533.556

2975	7535.291

2976	7537.026

2977	7538.761

2978	7540.497

2979	7542.234

2980	7543.971

2981	7545.708

2982	7547.446

2983	7549.184

2984	7550.922

2985	7552.661

2986	7554.4

2987	7556.14

2988	7557.88

2989	7559.621

2990	7561.361

2991	7563.103

2992	7564.844

2993	7566.586

2994	7568.329

2995	7570.072

2996	7571.815

2997	7573.559

2998	7575.303

2999	7577.047

3000	7578.792

3001	7580.537

3002	7582.283

3003	7584.029

3004	7585.776

3005	7587.523

3006	7589.27

3007	7591.018

3008	7592.766

3009	7594.514

3010	7596.263

3011	7598.012

3012	7599.762

3013	7601.512

3014	7603.263

3015	7605.014

3016	7606.765

3017	7608.517

3018	7610.269

3019	7612.021

3020	7613.774

3021	7615.528

3022	7617.281

3023	7619.036

3024	7620.79

3025	7622.545

3026	7624.3

3027	7626.056

3028	7627.812

3029	7629.569

3030	7631.326

3031	7633.083

3032	7634.841

3033	7636.599

3034	7638.358

3035	7640.117

3036	7641.876

3037	7643.636

3038	7645.396

3039	7647.157

3040	7648.918

3041	7650.679

3042	7652.441

3043	7654.203

3044	7655.966

3045	7657.729

3046	7659.493

3047	7661.256

3048	7663.021

3049	7664.785

3050	7666.55

3051	7668.316

3052	7670.082

3053	7671.848

3054	7673.615

3055	7675.382

3056	7677.15

3057	7678.917

3058	7680.686

3059	7682.455

3060	7684.224

3061	7685.993

3062	7687.763

3063	7689.534

3064	7691.304

3065	7693.076

3066	7694.847

3067	7696.619

3068	7698.392

3069	7700.164

3070	7701.938

3071	7703.711

3072	7705.485

3073	7707.26

3074	7709.035

3075	7710.81

3076	7712.586

3077	7714.362

3078	7716.138

3079	7717.915

3080	7719.692

3081	7721.47

3082	7723.248

3083	7725.027

3084	7726.806

3085	7728.585

3086	7730.365

3087	7732.145

3088	7733.926

3089	7735.707

3090	7737.488

3091	7739.27

3092	7741.052

3093	7742.835

3094	7744.618

3095	7746.401

3096	7748.185

3097	7749.97

3098	7751.754

3099	7753.539

3100	7755.325

3101	7757.111

3102	7758.897

3103	7760.684

3104	7762.471

3105	7764.259

3106	7766.047

3107	7767.835

3108	7769.624

3109	7771.413

3110	7773.203

3111	7774.993

3112	7776.783

3113	7778.574

3114	7780.366

3115	7782.157

3116	7783.949

3117	7785.742

3118	7787.535

3119	7789.328

3120	7791.122

3121	7792.916

3122	7794.711

3123	7796.506

3124	7798.301

3125	7800.097

3126	7801.893

3127	7803.69

3128	7805.487

3129	7807.284

3130	7809.082

3131	7810.881

3132	7812.679

3133	7814.478

3134	7816.278

3135	7818.078

3136	7819.878

3137	7821.679

3138	7823.48

3139	7825.282

3140	7827.084

3141	7828.887

3142	7830.689

3143	7832.493

3144	7834.296

3145	7836.101

3146	7837.905

3147	7839.71

3148	7841.515

3149	7843.321

3150	7845.127

3151	7846.934

3152	7848.741

3153	7850.548

3154	7852.356

3155	7854.165

3156	7855.973

3157	7857.782

3158	7859.592

3159	7861.402

3160	7863.212

3161	7865.023

3162	7866.834

3163	7868.646

3164	7870.458

3165	7872.27

3166	7874.083

3167	7875.896

3168	7877.71

3169	7879.524

3170	7881.339

3171	7883.154

3172	7884.969

3173	7886.785

3174	7888.601

3175	7890.418

3176	7892.235

3177	7894.052

3178	7895.87

3179	7897.688

3180	7899.507

3181	7901.326

3182	7903.146

3183	7904.966

3184	7906.786

3185	7908.607

3186	7910.428

3187	7912.25

3188	7914.072

3189	7915.895

3190	7917.717

3191	7919.541

3192	7921.365

3193	7923.189

3194	7925.013

3195	7926.838

3196	7928.664

3197	7930.49

3198	7932.316

3199	7934.143

3200	7935.97

3201	7937.797

3202	7939.625

3203	7941.454

3204	7943.282

3205	7945.112

3206	7946.941

3207	7948.771

3208	7950.602

3209	7952.433

3210	7954.264

3211	7956.096

3212	7957.928

3213	7959.76

3214	7961.594

3215	7963.427

3216	7965.261

3217	7967.095

3218	7968.93

3219	7970.765

3220	7972.6

3221	7974.436

3222	7976.273

3223	7978.11

3224	7979.947

3225	7981.785

3226	7983.623

3227	7985.461

3228	7987.3

3229	7989.139

3230	7990.979

3231	7992.819

3232	7994.66

3233	7996.501

3234	7998.343

3235	8000.184

3236	8002.027

3237	8003.87

3238	8005.713

3239	8007.556

3240	8009.4

3241	8011.245

3242	8013.09

3243	8014.935

3244	8016.781

3245	8018.627

3246	8020.473

3247	8022.32

3248	8024.168

3249	8026.016

3250	8027.864

3251	8029.713

3252	8031.562

3253	8033.411

3254	8035.261

3255	8037.112

3256	8038.962

3257	8040.814

3258	8042.665

3259	8044.517

3260	8046.37

3261	8048.223

3262	8050.076

3263	8051.93

3264	8053.784

3265	8055.639

3266	8057.494

3267	8059.35

3268	8061.206

3269	8063.062

3270	8064.919

3271	8066.776

3272	8068.634

3273	8070.492

3274	8072.35

3275	8074.209

3276	8076.069

3277	8077.928

3278	8079.789

3279	8081.649

3280	8083.51

3281	8085.372

3282	8087.234

3283	8089.096

3284	8090.959

3285	8092.822

3286	8094.686

3287	8096.55

3288	8098.414

3289	8100.279

3290	8102.145

3291	8104.011

3292	8105.877

3293	8107.743

3294	8109.611

3295	8111.478

3296	8113.346

3297	8115.214

3298	8117.083

3299	8118.952

3300	8120.822

3301	8122.692

3302	8124.563

3303	8126.434

3304	8128.305

3305	8130.177

3306	8132.049

3307	8133.922

3308	8135.795

3309	8137.669

3310	8139.543

3311	8141.417

3312	8143.292

3313	8145.167

3314	8147.043

3315	8148.919

3316	8150.796

3317	8152.673

3318	8154.55

3319	8156.428

3320	8158.306

3321	8160.185

3322	8162.064

3323	8163.944

3324	8165.824

3325	8167.704

3326	8169.585

3327	8171.466

3328	8173.348

3329	8175.23

3330	8177.113

3331	8178.996

3332	8180.88

3333	8182.764

3334	8184.648

3335	8186.533

3336	8188.418

3337	8190.304

3338	8192.19

3339	8194.076

3340	8195.963

3341	8197.851

3342	8199.738

3343	8201.627

3344	8203.515

3345	8205.405

3346	8207.294

3347	8209.184

3348	8211.075

3349	8212.966

3350	8214.857

3351	8216.749

3352	8218.641

3353	8220.533

3354	8222.426

3355	8224.32

3356	8226.214

3357	8228.108

3358	8230.003

3359	8231.898

3360	8233.794

3361	8235.69

3362	8237.587

3363	8239.484

3364	8241.381

3365	8243.279

3366	8245.177

3367	8247.076

3368	8248.975

3369	8250.875

3370	8252.775

3371	8254.675

3372	8256.576

3373	8258.478

3374	8260.379

3375	8262.282

3376	8264.184

3377	8266.088

3378	8267.991

3379	8269.895

3380	8271.8

3381	8273.704

3382	8275.61

3383	8277.515

3384	8279.422

3385	8281.328

3386	8283.235

3387	8285.143

3388	8287.051

3389	8288.959

3390	8290.868

3391	8292.777

3392	8294.687

3393	8296.597

3394	8298.508

3395	8300.419

3396	8302.33

3397	8304.242

3398	8306.154

3399	8308.067

3400	8309.98

3401	8311.894

3402	8313.808

3403	8315.723

3404	8317.638

3405	8319.553

3406	8321.469

3407	8323.385

3408	8325.302

3409	8327.219

3410	8329.137

3411	8331.055

3412	8332.973

3413	8334.892

3414	8336.812

3415	8338.732

3416	8340.652

3417	8342.573

3418	8344.494

3419	8346.415

3420	8348.338

3421	8350.26

3422	8352.183

3423	8354.106

3424	8356.03

3425	8357.954

3426	8359.879

3427	8361.804

3428	8363.73

3429	8365.656

3430	8367.582

3431	8369.509

3432	8371.437

3433	8373.365

3434	8375.293

3435	8377.222

3436	8379.151

3437	8381.08

3438	8383.01

3439	8384.941

3440	8386.872

3441	8388.803

3442	8390.735

3443	8392.667

3444	8394.6

3445	8396.533

3446	8398.467

3447	8400.401

3448	8402.335

3449	8404.27

3450	8406.205

3451	8408.141

3452	8410.078

3453	8412.014

3454	8413.951

3455	8415.889

3456	8417.827

3457	8419.766

3458	8421.705

3459	8423.644

3460	8425.584

3461	8427.524

3462	8429.465

3463	8431.406

3464	8433.348

3465	8435.29

3466	8437.232

3467	8439.175

3468	8441.119

3469	8443.062

3470	8445.007

3471	8446.951

3472	8448.897

3473	8450.842

3474	8452.788

3475	8454.735

3476	8456.682

3477	8458.629

3478	8460.577

3479	8462.526

3480	8464.474

3481	8466.424

3482	8468.373

3483	8470.324

3484	8472.274

3485	8474.225

3486	8476.177

3487	8478.129

3488	8480.081

3489	8482.034

3490	8483.987

3491	8485.941

3492	8487.895

3493	8489.85

3494	8491.805

3495	8493.76

3496	8495.716

3497	8497.673

3498	8499.63

3499	8501.587

3500	8503.545

3501	8505.503

3502	8507.462

3503	8509.421

3504	8511.38

3505	8513.34

3506	8515.301

3507	8517.262

3508	8519.223

3509	8521.185

3510	8523.147

3511	8525.11

3512	8527.073

3513	8529.037

3514	8531.001

3515	8532.966

3516	8534.931

3517	8536.896

3518	8538.862

3519	8540.828

3520	8542.795

3521	8544.763

3522	8546.73

3523	8548.698

3524	8550.667

3525	8552.636

3526	8554.606

3527	8556.576

3528	8558.546

3529	8560.517

3530	8562.488

3531	8564.46

3532	8566.433

3533	8568.405

3534	8570.378

3535	8572.352

3536	8574.326

3537	8576.301

3538	8578.276

3539	8580.251

3540	8582.227

3541	8584.203

3542	8586.18

3543	8588.157

3544	8590.135

3545	8592.113

3546	8594.092

3547	8596.071

3548	8598.051

3549	8600.031

3550	8602.011

3551	8603.992

3552	8605.973

3553	8607.955

3554	8609.938

3555	8611.92

3556	8613.903

3557	8615.887

3558	8617.871

3559	8619.856

3560	8621.841

3561	8623.826

3562	8625.812

3563	8627.799

3564	8629.785

3565	8631.773

3566	8633.761

3567	8635.749

3568	8637.737

3569	8639.727

3570	8641.716

3571	8643.706

3572	8645.697

3573	8647.688

3574	8649.679

3575	8651.671

3576	8653.663

3577	8655.656

3578	8657.65

3579	8659.643

3580	8661.637

3581	8663.632

3582	8665.627

3583	8667.623

3584	8669.619

3585	8671.615

3586	8673.612

3587	8675.61

3588	8677.607

3589	8679.606

3590	8681.605

3591	8683.604

3592	8685.604

3593	8687.604

3594	8689.604

3595	8691.605

3596	8693.607

3597	8695.609

3598	8697.611

3599	8699.614

3600	8701.618

3601	8703.622

3602	8705.626

3603	8707.631

3604	8709.636

3605	8711.642

3606	8713.648

3607	8715.654

3608	8717.661

3609	8719.669

3610	8721.677

3611	8723.685

3612	8725.694

3613	8727.704

3614	8729.714

3615	8731.724

3616	8733.735

3617	8735.746

3618	8737.758

3619	8739.77

3620	8741.783

3621	8743.796

3622	8745.809

3623	8747.823

3624	8749.838

3625	8751.853

3626	8753.868

3627	8755.884

3628	8757.9

3629	8759.917

3630	8761.934

3631	8763.952

3632	8765.97

3633	8767.989

3634	8770.008

3635	8772.028

3636	8774.048

3637	8776.068

3638	8778.089

3639	8780.111

3640	8782.133

3641	8784.155

3642	8786.178

3643	8788.201

3644	8790.225

3645	8792.249

3646	8794.274

3647	8796.299

3648	8798.325

3649	8800.351

3650	8802.378

3651	8804.405

3652	8806.432

3653	8808.46

3654	8810.489

3655	8812.518

3656	8814.547

3657	8816.577

3658	8818.607

3659	8820.638

3660	8822.669

3661	8824.701

3662	8826.733

3663	8828.766

3664	8830.799

3665	8832.833

3666	8834.867

3667	8836.901

3668	8838.936

3669	8840.972

3670	8843.008

3671	8845.044

3672	8847.081

3673	8849.118

3674	8851.156

3675	8853.194

3676	8855.233

3677	8857.272

3678	8859.312

3679	8861.352

3680	8863.393

3681	8865.434

3682	8867.476

3683	8869.518

3684	8871.56

3685	8873.603

3686	8875.647

3687	8877.69

3688	8879.735

3689	8881.78

3690	8883.825

3691	8885.871

3692	8887.917

3693	8889.964

3694	8892.011

3695	8894.059

3696	8896.107

3697	8898.156

3698	8900.205

3699	8902.254

3700	8904.304

3701	8906.355

3702	8908.406

3703	8910.457

3704	8912.509

3705	8914.562

3706	8916.615

3707	8918.668

3708	8920.722

3709	8922.776

3710	8924.831

3711	8926.886

3712	8928.942

3713	8930.998

3714	8933.055

3715	8935.112

3716	8937.17

3717	8939.228

3718	8941.286

3719	8943.345

3720	8945.405

3721	8947.465

3722	8949.525

3723	8951.586

3724	8953.648

3725	8955.71

3726	8957.772

3727	8959.835

3728	8961.898

3729	8963.962

3730	8966.026

3731	8968.091

3732	8970.156

3733	8972.222

3734	8974.288

3735	8976.355

3736	8978.422

3737	8980.489

3738	8982.557

3739	8984.626

3740	8986.695

3741	8988.764

3742	8990.834

3743	8992.905

3744	8994.976

3745	8997.047

3746	8999.119

3747	9001.191

3748	9003.264

3749	9005.338

3750	9007.411

3751	9009.486

3752	9011.56

3753	9013.636

3754	9015.711

3755	9017.788

3756	9019.864

3757	9021.941

3758	9024.019

3759	9026.097

3760	9028.176

3761	9030.255

3762	9032.334

3763	9034.414

3764	9036.495

3765	9038.576

3766	9040.657

3767	9042.739

3768	9044.821

3769	9046.904

3770	9048.988

3771	9051.072

3772	9053.156

3773	9055.241

3774	9057.326

3775	9059.412

3776	9061.498

3777	9063.585

3778	9065.672

3779	9067.76

3780	9069.848

3781	9071.936

3782	9074.026

3783	9076.115

3784	9078.205

3785	9080.296

3786	9082.387

3787	9084.478

3788	9086.57

3789	9088.663

3790	9090.756

3791	9092.849

3792	9094.943

3793	9097.038

3794	9099.133

3795	9101.228

3796	9103.324

3797	9105.42

3798	9107.517

3799	9109.615

3800	9111.712

3801	9113.811

3802	9115.909

3803	9118.009

3804	9120.108

3805	9122.209

3806	9124.309

3807	9126.411

3808	9128.512

3809	9130.614

3810	9132.717

3811	9134.82

3812	9136.924

3813	9139.028

3814	9141.132

3815	9143.237

3816	9145.343

3817	9147.449

3818	9149.556

3819	9151.663

3820	9153.77

3821	9155.878

3822	9157.987

3823	9160.095

3824	9162.205

3825	9164.315

3826	9166.425

3827	9168.536

3828	9170.647

3829	9172.759

3830	9174.872

3831	9176.985

3832	9179.098

3833	9181.212

3834	9183.326

3835	9185.441

3836	9187.556

3837	9189.672

3838	9191.788

3839	9193.905

3840	9196.022

3841	9198.14

3842	9200.258

3843	9202.377

3844	9204.496

3845	9206.615

3846	9208.736

3847	9210.856

3848	9212.977

3849	9215.099

3850	9217.221

3851	9219.344

3852	9221.467


